{"cameraMode":{"drawMode":0,"name":"Shaded","section":"Shading Mode"},"sceneLighting":true,"audioPlay":false,"sceneViewState":{"showFog":false,"showMaterialUpdate":false,"showSkybox":false,"showFlares":false,"showImageEffects":false,"showParticleSystems":false},"in2DMode":false,"pivot":{"x":37.022518157958987,"y":-46.99760818481445,"z":38.89079284667969},"rotation":{"x":-0.32615306973457339,"y":-0.34770190715789797,"z":0.13042229413986207,"w":-0.8693202137947083},"size":77.50137329101563,"orthographic":false}