{"cameraMode":{"drawMode":0,"name":"Shaded","section":"Shading Mode"},"sceneLighting":true,"audioPlay":false,"sceneViewState":{"showFog":true,"showMaterialUpdate":false,"showSkybox":true,"showFlares":true,"showImageEffects":true,"showParticleSystems":true},"in2DMode":false,"pivot":{"x":25.67447853088379,"y":-23.704599380493165,"z":11.252938270568848},"rotation":{"x":0.2981935143470764,"y":0.47425127029418948,"z":-0.1746402531862259,"w":0.8097327351570129},"size":43.26759719848633,"orthographic":false}