{"cameraMode":{"drawMode":0,"name":"Shaded","section":"Shading Mode"},"sceneLighting":true,"audioPlay":false,"sceneViewState":{"showFog":true,"showMaterialUpdate":true,"showSkybox":true,"showFlares":true,"showImageEffects":true,"showParticleSystems":true},"in2DMode":false,"pivot":{"x":126.01023864746094,"y":-119.34075927734375,"z":130.9851837158203},"rotation":{"x":0.2704719603061676,"y":0.357334166765213,"z":-0.10890775173902512,"w":0.8872972130775452},"size":225.08648681640626,"orthographic":false}