{"cameraMode":{"drawMode":0,"name":"Shaded","section":"Shading Mode"},"sceneLighting":true,"audioPlay":false,"sceneViewState":{"showFog":true,"showMaterialUpdate":false,"showSkybox":true,"showFlares":true,"showImageEffects":true,"showParticleSystems":true},"in2DMode":false,"pivot":{"x":10.682598114013672,"y":-22.351049423217775,"z":14.21275520324707},"rotation":{"x":0.3910388946533203,"y":0.30413660407066347,"z":-0.13868297636508943,"w":0.85752934217453},"size":38.08893966674805,"orthographic":false}