{"cameraMode":{"drawMode":0,"name":"Shaded","section":"Shading Mode"},"sceneLighting":true,"audioPlay":false,"sceneViewState":{"showFog":false,"showMaterialUpdate":false,"showSkybox":false,"showFlares":false,"showImageEffects":false,"showParticleSystems":false},"in2DMode":false,"pivot":{"x":1.262179970741272,"y":-1.6570154428482056,"z":2.8696560859680177},"rotation":{"x":0.21719752252101899,"y":0.23071815073490144,"z":-0.05288402736186981,"w":0.9469940662384033},"size":8.232537269592286,"orthographic":false}