{"cameraMode":{"drawMode":0,"name":"Shaded","section":"Shading Mode"},"sceneLighting":true,"audioPlay":false,"sceneViewState":{"showFog":true,"showMaterialUpdate":false,"showSkybox":true,"showFlares":true,"showImageEffects":true,"showParticleSystems":true},"in2DMode":false,"pivot":{"x":82.49647521972656,"y":-101.51663208007813,"z":104.509033203125},"rotation":{"x":0.30384761095046999,"y":0.30982449650764468,"z":-0.10519835352897644,"w":0.894773006439209},"size":174.2332000732422,"orthographic":false}