{"cameraMode":{"drawMode":0,"name":"Shaded","section":"Shading Mode"},"sceneLighting":false,"audioPlay":false,"sceneViewState":{"showFog":true,"showMaterialUpdate":false,"showSkybox":true,"showFlares":true,"showImageEffects":true,"showParticleSystems":true},"in2DMode":false,"pivot":{"x":-7.282317161560059,"y":-6.030108451843262,"z":0.9984846115112305},"rotation":{"x":0.29681196808815,"y":-0.27549785375595095,"z":0.08986828476190567,"w":0.9099051356315613},"size":24.474164962768556,"orthographic":false}