{"cameraMode":{"drawMode":0,"name":"Shaded","section":"Shading Mode"},"sceneLighting":true,"audioPlay":false,"sceneViewState":{"showFog":false,"showMaterialUpdate":false,"showSkybox":false,"showFlares":false,"showImageEffects":false,"showParticleSystems":false},"in2DMode":false,"pivot":{"x":19.143817901611329,"y":-20.09938621520996,"z":28.98848533630371},"rotation":{"x":-0.25167468190193179,"y":-0.27772223949432375,"z":0.07561809569597244,"w":-0.9240195751190186},"size":45.10044860839844,"orthographic":false}