{"cameraMode":{"drawMode":0,"name":"Shaded","section":"Shading Mode"},"sceneLighting":false,"audioPlay":false,"sceneViewState":{"showFog":true,"showMaterialUpdate":false,"showSkybox":true,"showFlares":true,"showImageEffects":true,"showParticleSystems":true},"in2DMode":false,"pivot":{"x":-1.5600000619888306,"y":1.244999885559082,"z":0.30500006675720217},"rotation":{"x":0.2119283676147461,"y":0.10531095415353775,"z":-0.022976484149694444,"w":0.9713228940963745},"size":14.692619323730469,"orthographic":false}