{"cameraMode":{"drawMode":0,"name":"Shaded","section":"Shading Mode"},"sceneLighting":true,"audioPlay":false,"sceneViewState":{"showFog":false,"showMaterialUpdate":false,"showSkybox":false,"showFlares":false,"showImageEffects":false,"showParticleSystems":false},"in2DMode":false,"pivot":{"x":2.697969913482666,"y":-1.5864155292510987,"z":2.798996925354004},"rotation":{"x":0.2387731522321701,"y":0.34508654475212099,"z":-0.09119881689548493,"w":0.9030977487564087},"size":9.548973083496094,"orthographic":false}