{"cameraMode":{"drawMode":0,"name":"Shaded","section":"Shading Mode"},"sceneLighting":true,"audioPlay":false,"sceneViewState":{"showFog":true,"showMaterialUpdate":false,"showSkybox":true,"showFlares":true,"showImageEffects":true,"showParticleSystems":true},"in2DMode":false,"pivot":{"x":135.80300903320313,"y":-108.49698638916016,"z":72.0473861694336},"rotation":{"x":0.2615529000759125,"y":0.4875546991825104,"z":-0.15582410991191865,"w":0.8182905316352844},"size":202.67893981933595,"orthographic":false}