{"cameraMode":{"drawMode":0,"name":"Shaded","section":"Shading Mode"},"sceneLighting":true,"audioPlay":false,"sceneViewState":{"showFog":false,"showMaterialUpdate":false,"showSkybox":false,"showFlares":false,"showImageEffects":false,"showParticleSystems":false},"in2DMode":false,"pivot":{"x":6.798354625701904,"y":-3.9640231132507326,"z":4.717310905456543},"rotation":{"x":0.24492980539798737,"y":0.4504670798778534,"z":-0.12996971607208253,"w":0.8486440777778626},"size":14.103655815124512,"orthographic":false}