{"cameraMode":{"drawMode":0,"name":"Shaded","section":"Shading Mode"},"sceneLighting":true,"audioPlay":false,"sceneViewState":{"showFog":false,"showMaterialUpdate":false,"showSkybox":false,"showFlares":false,"showImageEffects":false,"showParticleSystems":false},"in2DMode":false,"pivot":{"x":-1.2007911205291749,"y":4.350918769836426,"z":-6.610085964202881},"rotation":{"x":0.24984706938266755,"y":0.38742679357528689,"z":-0.10988861322402954,"w":0.8805688619613648},"size":5.6431474685668949,"orthographic":false}