{"cameraMode":{"drawMode":0,"name":"Shaded","section":"Shading Mode"},"sceneLighting":true,"audioPlay":false,"sceneViewState":{"showFog":false,"showMaterialUpdate":false,"showSkybox":false,"showFlares":false,"showImageEffects":false,"showParticleSystems":false},"in2DMode":false,"pivot":{"x":37.20570373535156,"y":-16.67066192626953,"z":16.643611907958986},"rotation":{"x":-0.17332924902439118,"y":-0.5373125076293945,"z":0.11389632523059845,"w":-0.8174838423728943},"size":46.30128479003906,"orthographic":false}