{"cameraMode":{"drawMode":0,"name":"Shaded","section":"Shading Mode"},"sceneLighting":true,"audioPlay":false,"sceneViewState":{"showFog":true,"showMaterialUpdate":false,"showSkybox":true,"showFlares":true,"showImageEffects":true,"showParticleSystems":true},"in2DMode":false,"pivot":{"x":2.8310508728027345,"y":-12.48087215423584,"z":19.897430419921876},"rotation":{"x":0.2918563187122345,"y":0.08338557928800583,"z":-0.02554704062640667,"w":0.9524778723716736},"size":37.643310546875,"orthographic":false}