{"cameraMode":{"drawMode":0,"name":"Shaded","section":"Shading Mode"},"sceneLighting":false,"audioPlay":false,"sceneViewState":{"showFog":true,"showMaterialUpdate":false,"showSkybox":true,"showFlares":true,"showImageEffects":true,"showParticleSystems":true},"in2DMode":false,"pivot":{"x":-1.0540533065795899,"y":0.7100000381469727,"z":-4.559999942779541},"rotation":{"x":-0.36334675550460818,"y":0.1846005916595459,"z":-0.0736909955739975,"w":-0.9102041125297546},"size":3.2338039875030519,"orthographic":false}