{"cameraMode":{"drawMode":0,"name":"Shaded","section":"Shading Mode"},"sceneLighting":true,"audioPlay":false,"sceneViewState":{"showFog":false,"showMaterialUpdate":false,"showSkybox":false,"showFlares":false,"showImageEffects":false,"showParticleSystems":false},"in2DMode":false,"pivot":{"x":19.280181884765626,"y":-18.35940170288086,"z":15.035185813903809},"rotation":{"x":0.29243484139442446,"y":0.3942756652832031,"z":-0.13389655947685243,"w":0.8608718514442444},"size":36.072303771972659,"orthographic":false}