{"cameraMode":{"drawMode":0,"name":"Shaded","section":"Shading Mode"},"sceneLighting":true,"audioPlay":false,"sceneViewState":{"showFog":false,"showMaterialUpdate":false,"showSkybox":false,"showFlares":false,"showImageEffects":false,"showParticleSystems":false},"in2DMode":false,"pivot":{"x":-1.4882216453552247,"y":-0.7304599285125732,"z":-9.044315338134766},"rotation":{"x":-0.033880412578582767,"y":0.9658241868019104,"z":-0.19273869693279267,"w":-0.16996370255947114},"size":9.548973083496094,"orthographic":false}