{"cameraMode":{"drawMode":0,"name":"Shaded","section":"Shading Mode"},"sceneLighting":true,"audioPlay":false,"sceneViewState":{"showFog":false,"showMaterialUpdate":false,"showSkybox":false,"showFlares":false,"showImageEffects":false,"showParticleSystems":false},"in2DMode":false,"pivot":{"x":4.8499298095703129,"y":-7.587475299835205,"z":4.24565315246582},"rotation":{"x":0.35826271772384646,"y":0.32079362869262698,"z":-0.13256360590457917,"w":0.8666985034942627},"size":14.380232810974121,"orthographic":false}